{ 
  "name": "360影视", 
  "tihuan": "cnzz.com",  
  "url": "https://www.360kan.com", 
  "shouye": "4", 
  "fenlei": "电影$/dianying/list?rank=rankhot&cat=&year=&area=&act=#电视剧$/dianshi/list?rank=rankhot&cat=&year=&area=&act=#综艺$/zongyi/list?rank=rankhot&cat=&act=&area=#动漫$/dongman/list?rank=rankhot&cat=&year=&area=",
  "houzhui": "1", 
  "shifouercijiequ": "0", 
  "jiequqian": "空", 
  "jiequhou": "空", 
  "jiequshuzuqian": "class=\"feature-item\"",
  "jiequshuzuhou": "</span>",
  "tupianqian": "src=\"", 
  "tupianhou": "\"", //
  "biaotiqian": "title=\"",
  "biaotihou": "\"", 
  "lianjieqian": "href=\"",
  "lianjiehou": "\"", 
  "sousuoqian": "/index.php/ajax/suggest?mid=1&wd=", //------搜索部分基本不用动，现在网站基本都是苹果CMS，所有搜索是固定的。
  "sousuohou": "&limit=500",
  "sousuohouzhui": "/play/", //------搜索页影片跳转详情页的中间标识链接部分
  "ssmoshi": "0",
  "sousuoshifouercijiequ": "0", 
  "jspic": "pic", 
  "jsname": "name", 
  "jsid": "id", 
  "ssjiequqian": "空", 
  "ssjiequhou": "空", 
  "ssjiequshuzuqian": "空", 
  "ssjiequshuzuhou": "空", 
  "sstupianqian": "空", 
  "sstupianhou": "空", 
  "ssbiaotiqian": "空",
  "ssbiaotihou": "空", 
  "sslianjieqian": "空", 
  "sslianjiehou": "空", 
  "bfshifouercijiequ": "0", 
  "bfjiequqian": "空", 
  "bfjiequhou": "空", 
  "bfjiequshuzuqian": "class=\"stui-content__playlist", //------播放截取的列表数组的前关键词 
  "bfjiequshuzuhou": "</ul>", //------播放截取的列表数组的后关键词
  "zhuangtaiqian": "更新：</span>", //------下面的是详情内容可以不动 
  "zhuangtaihou": "</p>", 
  "daoyanqian": "导演：</span>", 
  "daoyanhou": "</p>",
  "zhuyanqian": "主演：</span>", 
  "zhuyanhou": "</p>", <br />
  "juqingqian": "简介：</span>",
  "juqinghou": "</div>",
  "bfyshifouercijiequ": "0", 
  "bfyjiequqian": "空", 
  "bfyjiequhou": "空", 
  "bfyjiequshuzuqian": "<a",//------下面的是播放链接关键词<a href="链接">第一集</a> 
  "bfyjiequshuzuhou": "/a>", 
  "bfbiaotiqian": ">", 
  "bfbiaotihou": "<", 
  "bflianjieqian": "href=\"",
  "bflianjiehou": "\"" 
} 
