{
  "name": "GAOAA",
  "url": "https://43gaoaa.com",
  "User": "空",
  "shouye": "1",
  "fenlei": "国产视频$/gaotype/25#日本无码$/gaotype/20#日本有码$/gaotype/9#中文字幕$/gaotype/2#三级电影$/gaotype/1#巨乳系列$/gaotype/3#人妻激情$/gaotype/8#欧美极品$/gaotype/18#制服诱惑$/gaotype/16#自拍偷拍$/gaotype/17#强奸乱伦$/gaotype/14#绝美少女$/gaotype/13#首次亮相$/gaotype/12#HEY诱惑$/gaotype/5#独家DMM$/gaotype/4#网红主播$/gaotype/6#日韩精品$/gaotype/10#激情口交$/gaotype/11#动漫电影$/gaotype/15#极骚萝莉$/gaotype/19#HEYZO$/gaotype/21#高潮喷吹$/gaotype/22#自慰颜射$/gaotype/23_",
  "houzhui": ".html",
  "shifouercijiequ": "0",
  "jiequqian": "空",
  "jiequhou": "空",
  "jiequshuzuqian": "class=\"video-pic\"",
  "jiequshuzuhou": "player",
  "tupianqian": "original=\"",
  "tupianhou": "\"",
  "biaotiqian": "title=\"",
  "biaotihou": "\"",
  "lianjieqian": "href=\"",
  "lianjiehou": "\"",
  "sousuoqian": "/gaosearch/-/?wd=",
  "sousuohou": "&limit=500",
  "sousuohouzhui": "/gaotype/",
  "ssmoshi": "0",
  "sousuoshifouercijiequ": "0",
  "jspic": "pic",
  "jsname": "name",
  "jsid": "id",
  "ssjiequqian": "空", 
  "ssjiequhou": "空", 
  "ssjiequshuzuqian": "空", 
  "ssjiequshuzuhou": "空", 
  "sstupianqian": "空", 
  "sstupianhou": "空", 
  "ssbiaotiqian": "空",
  "ssbiaotihou": "空", 
  "sslianjieqian": "空", 
  "sslianjiehou": "空", 
  "bfshifouercijiequ": "0", 
  "bfjiequqian": "空", 
  "bfjiequhou": "空", 
  "bfjiequshuzuqian": "class=\"item line\">",
  "bfjiequshuzuhou": "</div>",
  "zhuangtaiqian": "target=\"_blank\">",
  "zhuangtaihou": "</a><i",
  "daoyanqian": "class=\"data\">类型：",
  "daoyanhou": "</p>",
  "zhuyanqian": "class=\"data\">主演：",
  "zhuyanhou": "</p>",
  "juqingqian": "<h1>",
  "juqinghou": "</h1>",
  "bfyshifouercijiequ": "0",
  "bfyjiequqian": "空",
  "bfyjiequhou": "空",
  "bfyjiequshuzuqian": "<a",
  "bfyjiequshuzuhou": "/a>",
  "bfbiaotiqian": ">",
  "bfbiaotihou": "<",
  "bflianjieqian": "href=\"",
  "bflianjiehou": "\""
}